{
"lengthUnit": "mil",
"remark": [],
"components": {
	"fields": ["COMPONENT_NO", "COMPONENT_NAME", "LAYER", "X_COORDINATE", "Y_COORDINATE", "ANGLE"],
	"rows": [
		[1, "D1", "T", 1279.9999, -170, 180],
		[2, "D2", "T", 994.9999, -170, 180],
		[3, "D3", "T", 709.9999, -170, 180],
		[4, "D4", "T", 425, -170, 180],
		[5, "D5", "T", 140, -170, 180],
		[6, "D6", "T", -145, -170, 180],
		[7, "D7", "T", -430, -170, 180],
		[8, "D8", "T", -715, -170, 180],
		[9, "R1", "T", 1366.416, 250, 90],
		[10, "R2", "T", 1231.928, 250, 90],
		[11, "R3", "T", 1097.44, 250, 90],
		[12, "R4", "T", 962.952, 250, 90],
		[13, "R5", "T", 828.464, 250, 90],
		[14, "R6", "T", 693.976, 250, 90],
		[15, "R7", "T", 559.488, 250, 90],
		[16, "R8", "T", 425, 250, 90],
		[17, "SW1", "T", -615, 250, 0],
		[18, "SW2", "T", -238.134, 250, 0],
		[19, "SW3", "T", 138.732, 250, 0],
		[20, "U3", "T", 1905, 45, 0],
		[21, "PAD1", "T", 1329.9999, -170, 0],
		[22, "PAD1", "B", 1329.9999, -170, 0],
		[23, "PAD2", "T", 1229.9999, -170, 0],
		[24, "PAD2", "B", 1229.9999, -170, 0],
		[25, "PAD3", "T", 1044.9999, -170, 0],
		[26, "PAD3", "B", 1044.9999, -170, 0],
		[27, "PAD4", "T", 944.9999, -170, 0],
		[28, "PAD4", "B", 944.9999, -170, 0],
		[29, "PAD5", "T", 759.9999, -170, 0],
		[30, "PAD5", "B", 759.9999, -170, 0],
		[31, "PAD6", "T", 659.9999, -170, 0],
		[32, "PAD6", "B", 659.9999, -170, 0],
		[33, "PAD7", "T", 475, -170, 0],
		[34, "PAD7", "B", 475, -170, 0],
		[35, "PAD8", "T", 375, -170, 0],
		[36, "PAD8", "B", 375, -170, 0],
		[37, "PAD9", "T", 190, -170, 0],
		[38, "PAD9", "B", 190, -170, 0],
		[39, "PAD10", "T", 90, -170, 0],
		[40, "PAD10", "B", 90, -170, 0],
		[41, "PAD11", "T", -95, -170, 0],
		[42, "PAD11", "B", -95, -170, 0],
		[43, "PAD12", "T", -195, -170, 0],
		[44, "PAD12", "B", -195, -170, 0],
		[45, "PAD13", "T", -380, -170, 0],
		[46, "PAD13", "B", -380, -170, 0],
		[47, "PAD14", "T", -480, -170, 0],
		[48, "PAD14", "B", -480, -170, 0],
		[49, "PAD15", "T", -665, -170, 0],
		[50, "PAD15", "B", -665, -170, 0],
		[51, "PAD16", "T", -765, -170, 0],
		[52, "PAD16", "B", -765, -170, 0],
		[53, "PAD17", "T", 1366.416, 47.24, 0],
		[54, "PAD17", "B", 1366.416, 47.24, 0],
		[55, "PAD18", "T", 1366.416, 452.76, 0],
		[56, "PAD18", "B", 1366.416, 452.76, 0],
		[57, "PAD19", "T", 1231.928, 47.24, 0],
		[58, "PAD19", "B", 1231.928, 47.24, 0],
		[59, "PAD20", "T", 1231.928, 452.76, 0],
		[60, "PAD20", "B", 1231.928, 452.76, 0],
		[61, "PAD21", "T", 1097.44, 47.24, 0],
		[62, "PAD21", "B", 1097.44, 47.24, 0],
		[63, "PAD22", "T", 1097.44, 452.76, 0],
		[64, "PAD22", "B", 1097.44, 452.76, 0],
		[65, "PAD23", "T", 962.952, 47.24, 0],
		[66, "PAD23", "B", 962.952, 47.24, 0],
		[67, "PAD24", "T", 962.952, 452.76, 0],
		[68, "PAD24", "B", 962.952, 452.76, 0],
		[69, "PAD25", "T", 828.464, 47.24, 0],
		[70, "PAD25", "B", 828.464, 47.24, 0],
		[71, "PAD26", "T", 828.464, 452.76, 0],
		[72, "PAD26", "B", 828.464, 452.76, 0],
		[73, "PAD27", "T", 693.976, 47.24, 0],
		[74, "PAD27", "B", 693.976, 47.24, 0],
		[75, "PAD28", "T", 693.976, 452.76, 0],
		[76, "PAD28", "B", 693.976, 452.76, 0],
		[77, "PAD29", "T", 559.488, 47.24, 0],
		[78, "PAD29", "B", 559.488, 47.24, 0],
		[79, "PAD30", "T", 559.488, 452.76, 0],
		[80, "PAD30", "B", 559.488, 452.76, 0],
		[81, "PAD31", "T", 425, 47.24, 0],
		[82, "PAD31", "B", 425, 47.24, 0],
		[83, "PAD32", "T", 425, 452.76, 0],
		[84, "PAD32", "B", 425, 452.76, 0],
		[85, "PAD33", "T", -743, 338.6, 0],
		[86, "PAD33", "B", -743, 338.6, 0],
		[87, "PAD34", "T", -487, 161.4, 0],
		[88, "PAD34", "B", -487, 161.4, 0],
		[89, "PAD35", "T", -366.134, 338.6, 0],
		[90, "PAD35", "B", -366.134, 338.6, 0],
		[91, "PAD36", "T", -110.134, 161.4, 0],
		[92, "PAD36", "B", -110.134, 161.4, 0],
		[93, "PAD37", "T", 10.732, 338.6, 0],
		[94, "PAD37", "B", 10.732, 338.6, 0],
		[95, "PAD38", "T", 266.732, 161.4, 0],
		[96, "PAD38", "B", 266.732, 161.4, 0],
		[97, "PAD39", "T", 1572.126, 345, 0],
		[98, "PAD40", "T", 1572.126, 245, 0],
		[99, "PAD41", "T", 1572.126, 145, 0],
		[100, "PAD42", "T", 1572.126, 45, 0],
		[101, "PAD43", "T", 1572.126, -55, 0],
		[102, "PAD44", "T", 1572.126, -155, 0],
		[103, "PAD45", "T", 1572.126, -255, 0],
		[104, "PAD46", "T", 2237.874, -255, 0],
		[105, "PAD47", "T", 2237.874, -155, 0],
		[106, "PAD48", "T", 2237.874, -55, 0],
		[107, "PAD49", "T", 2237.874, 45, 0],
		[108, "PAD50", "T", 2237.874, 245, 0]
	]
},
"pins": {
	"fields": ["PIN_NO", "PIN_NAME", "PIN_X", "PIN_Y", "LAYER", "PIN_TYPE", "NET_NAME", "NET_TYPE", "PAD_SHAPE", "PAD_SIZEX", "PAD_SIZEY", "HOLE_SIZE", "HOLE_LEN", "PAD_ANGLE"],
	"rows": [
		[1, "D1_1", 1329.9999, -170, "T", "DIP", "D0", "", "C", 62.992, 62.992, 39.37, 39.37, 180],
		[2, "D1_1", 1329.9999, -170, "B", "DIP", "D0", "", "C", 62.992, 62.992, 39.37, 39.37, 180],
		[3, "D1_2", 1229.9999, -170, "T", "DIP", "$1N1005", "", "C", 62.992, 62.992, 39.37, 39.37, 180],
		[4, "D1_2", 1229.9999, -170, "B", "DIP", "$1N1005", "", "C", 62.992, 62.992, 39.37, 39.37, 180],
		[5, "D2_1", 1044.9999, -170, "T", "DIP", "D1", "", "C", 62.992, 62.992, 39.37, 39.37, 180],
		[6, "D2_1", 1044.9999, -170, "B", "DIP", "D1", "", "C", 62.992, 62.992, 39.37, 39.37, 180],
		[7, "D2_2", 944.9999, -170, "T", "DIP", "$1N1044", "", "C", 62.992, 62.992, 39.37, 39.37, 180],
		[8, "D2_2", 944.9999, -170, "B", "DIP", "$1N1044", "", "C", 62.992, 62.992, 39.37, 39.37, 180],
		[9, "D3_1", 759.9999, -170, "T", "DIP", "D2", "", "C", 62.992, 62.992, 39.37, 39.37, 180],
		[10, "D3_1", 759.9999, -170, "B", "DIP", "D2", "", "C", 62.992, 62.992, 39.37, 39.37, 180],
		[11, "D3_2", 659.9999, -170, "T", "DIP", "$1N1083", "", "C", 62.992, 62.992, 39.37, 39.37, 180],
		[12, "D3_2", 659.9999, -170, "B", "DIP", "$1N1083", "", "C", 62.992, 62.992, 39.37, 39.37, 180],
		[13, "D4_1", 475, -170, "T", "DIP", "D3", "", "C", 62.992, 62.992, 39.37, 39.37, 180],
		[14, "D4_1", 475, -170, "B", "DIP", "D3", "", "C", 62.992, 62.992, 39.37, 39.37, 180],
		[15, "D4_2", 375, -170, "T", "DIP", "$1N1122", "", "C", 62.992, 62.992, 39.37, 39.37, 180],
		[16, "D4_2", 375, -170, "B", "DIP", "$1N1122", "", "C", 62.992, 62.992, 39.37, 39.37, 180],
		[17, "D5_1", 190, -170, "T", "DIP", "D4", "", "C", 62.992, 62.992, 39.37, 39.37, 180],
		[18, "D5_1", 190, -170, "B", "DIP", "D4", "", "C", 62.992, 62.992, 39.37, 39.37, 180],
		[19, "D5_2", 90, -170, "T", "DIP", "$1N2144", "", "C", 62.992, 62.992, 39.37, 39.37, 180],
		[20, "D5_2", 90, -170, "B", "DIP", "$1N2144", "", "C", 62.992, 62.992, 39.37, 39.37, 180],
		[21, "D6_1", -95, -170, "T", "DIP", "D5", "", "C", 62.992, 62.992, 39.37, 39.37, 180],
		[22, "D6_1", -95, -170, "B", "DIP", "D5", "", "C", 62.992, 62.992, 39.37, 39.37, 180],
		[23, "D6_2", -195, -170, "T", "DIP", "$1N2146", "", "C", 62.992, 62.992, 39.37, 39.37, 180],
		[24, "D6_2", -195, -170, "B", "DIP", "$1N2146", "", "C", 62.992, 62.992, 39.37, 39.37, 180],
		[25, "D7_1", -380, -170, "T", "DIP", "D6", "", "C", 62.992, 62.992, 39.37, 39.37, 180],
		[26, "D7_1", -380, -170, "B", "DIP", "D6", "", "C", 62.992, 62.992, 39.37, 39.37, 180],
		[27, "D7_2", -480, -170, "T", "DIP", "$1N2140", "", "C", 62.992, 62.992, 39.37, 39.37, 180],
		[28, "D7_2", -480, -170, "B", "DIP", "$1N2140", "", "C", 62.992, 62.992, 39.37, 39.37, 180],
		[29, "D8_1", -665, -170, "T", "DIP", "D7", "", "C", 62.992, 62.992, 39.37, 39.37, 180],
		[30, "D8_1", -665, -170, "B", "DIP", "D7", "", "C", 62.992, 62.992, 39.37, 39.37, 180],
		[31, "D8_2", -765, -170, "T", "DIP", "$1N2132", "", "C", 62.992, 62.992, 39.37, 39.37, 180],
		[32, "D8_2", -765, -170, "B", "DIP", "$1N2132", "", "C", 62.992, 62.992, 39.37, 39.37, 180],
		[33, "R1_1", 1366.416, 47.24, "T", "DIP", "$1N1005", "", "C", 60, 60, 39.37, 39.37, 90],
		[34, "R1_1", 1366.416, 47.24, "B", "DIP", "$1N1005", "", "C", 60, 60, 39.37, 39.37, 90],
		[35, "R1_2", 1366.416, 452.76, "T", "DIP", "GND", "GND", "C", 60, 60, 39.37, 39.37, 90],
		[36, "R1_2", 1366.416, 452.76, "B", "DIP", "GND", "GND", "C", 60, 60, 39.37, 39.37, 90],
		[37, "R2_1", 1231.928, 47.24, "T", "DIP", "$1N1044", "", "C", 60, 60, 39.37, 39.37, 90],
		[38, "R2_1", 1231.928, 47.24, "B", "DIP", "$1N1044", "", "C", 60, 60, 39.37, 39.37, 90],
		[39, "R2_2", 1231.928, 452.76, "T", "DIP", "GND", "GND", "C", 60, 60, 39.37, 39.37, 90],
		[40, "R2_2", 1231.928, 452.76, "B", "DIP", "GND", "GND", "C", 60, 60, 39.37, 39.37, 90],
		[41, "R3_1", 1097.44, 47.24, "T", "DIP", "$1N1083", "", "C", 60, 60, 39.37, 39.37, 90],
		[42, "R3_1", 1097.44, 47.24, "B", "DIP", "$1N1083", "", "C", 60, 60, 39.37, 39.37, 90],
		[43, "R3_2", 1097.44, 452.76, "T", "DIP", "GND", "GND", "C", 60, 60, 39.37, 39.37, 90],
		[44, "R3_2", 1097.44, 452.76, "B", "DIP", "GND", "GND", "C", 60, 60, 39.37, 39.37, 90],
		[45, "R4_1", 962.952, 47.24, "T", "DIP", "$1N1122", "", "C", 60, 60, 39.37, 39.37, 90],
		[46, "R4_1", 962.952, 47.24, "B", "DIP", "$1N1122", "", "C", 60, 60, 39.37, 39.37, 90],
		[47, "R4_2", 962.952, 452.76, "T", "DIP", "GND", "GND", "C", 60, 60, 39.37, 39.37, 90],
		[48, "R4_2", 962.952, 452.76, "B", "DIP", "GND", "GND", "C", 60, 60, 39.37, 39.37, 90],
		[49, "R5_1", 828.464, 47.24, "T", "DIP", "$1N2144", "", "C", 60, 60, 39.37, 39.37, 90],
		[50, "R5_1", 828.464, 47.24, "B", "DIP", "$1N2144", "", "C", 60, 60, 39.37, 39.37, 90],
		[51, "R5_2", 828.464, 452.76, "T", "DIP", "GND", "GND", "C", 60, 60, 39.37, 39.37, 90],
		[52, "R5_2", 828.464, 452.76, "B", "DIP", "GND", "GND", "C", 60, 60, 39.37, 39.37, 90],
		[53, "R6_1", 693.976, 47.24, "T", "DIP", "$1N2146", "", "C", 60, 60, 39.37, 39.37, 90],
		[54, "R6_1", 693.976, 47.24, "B", "DIP", "$1N2146", "", "C", 60, 60, 39.37, 39.37, 90],
		[55, "R6_2", 693.976, 452.76, "T", "DIP", "GND", "GND", "C", 60, 60, 39.37, 39.37, 90],
		[56, "R6_2", 693.976, 452.76, "B", "DIP", "GND", "GND", "C", 60, 60, 39.37, 39.37, 90],
		[57, "R7_1", 559.488, 47.24, "T", "DIP", "$1N2140", "", "C", 60, 60, 39.37, 39.37, 90],
		[58, "R7_1", 559.488, 47.24, "B", "DIP", "$1N2140", "", "C", 60, 60, 39.37, 39.37, 90],
		[59, "R7_2", 559.488, 452.76, "T", "DIP", "GND", "GND", "C", 60, 60, 39.37, 39.37, 90],
		[60, "R7_2", 559.488, 452.76, "B", "DIP", "GND", "GND", "C", 60, 60, 39.37, 39.37, 90],
		[61, "R8_1", 425, 47.24, "T", "DIP", "$1N2132", "", "C", 60, 60, 39.37, 39.37, 90],
		[62, "R8_1", 425, 47.24, "B", "DIP", "$1N2132", "", "C", 60, 60, 39.37, 39.37, 90],
		[63, "R8_2", 425, 452.76, "T", "DIP", "GND", "GND", "C", 60, 60, 39.37, 39.37, 90],
		[64, "R8_2", 425, 452.76, "B", "DIP", "GND", "GND", "C", 60, 60, 39.37, 39.37, 90],
		[65, "SW1_1", -743, 338.6, "T", "DIP", "GND", "GND", "C", 70.866, 70.866, 43.308, 43.308, 0],
		[66, "SW1_1", -743, 338.6, "B", "DIP", "GND", "GND", "C", 70.866, 70.866, 43.308, 43.308, 0],
		[67, "SW1_2", -487, 338.6, "T", "DIP", "NET_1", "", "C", 70.866, 70.866, 43.308, 43.308, 0],
		[68, "SW1_2", -487, 338.6, "B", "DIP", "NET_1", "", "C", 70.866, 70.866, 43.308, 43.308, 0],
		[69, "SW1_3", -743, 161.4, "T", "DIP", "NET_2", "", "C", 70.866, 70.866, 43.308, 43.308, 0],
		[70, "SW1_3", -743, 161.4, "B", "DIP", "NET_2", "", "C", 70.866, 70.866, 43.308, 43.308, 0],
		[71, "SW1_4", -487, 161.4, "T", "DIP", "D8", "", "C", 70.866, 70.866, 43.308, 43.308, 0],
		[72, "SW1_4", -487, 161.4, "B", "DIP", "D8", "", "C", 70.866, 70.866, 43.308, 43.308, 0],
		[73, "SW2_1", -366.134, 338.6, "T", "DIP", "GND", "GND", "C", 70.866, 70.866, 43.308, 43.308, 0],
		[74, "SW2_1", -366.134, 338.6, "B", "DIP", "GND", "GND", "C", 70.866, 70.866, 43.308, 43.308, 0],
		[75, "SW2_2", -110.134, 338.6, "T", "DIP", "NET_3", "", "C", 70.866, 70.866, 43.308, 43.308, 0],
		[76, "SW2_2", -110.134, 338.6, "B", "DIP", "NET_3", "", "C", 70.866, 70.866, 43.308, 43.308, 0],
		[77, "SW2_3", -366.134, 161.4, "T", "DIP", "NET_4", "", "C", 70.866, 70.866, 43.308, 43.308, 0],
		[78, "SW2_3", -366.134, 161.4, "B", "DIP", "NET_4", "", "C", 70.866, 70.866, 43.308, 43.308, 0],
		[79, "SW2_4", -110.134, 161.4, "T", "DIP", "D9", "", "C", 70.866, 70.866, 43.308, 43.308, 0],
		[80, "SW2_4", -110.134, 161.4, "B", "DIP", "D9", "", "C", 70.866, 70.866, 43.308, 43.308, 0],
		[81, "SW3_1", 10.732, 338.6, "T", "DIP", "GND", "GND", "C", 70.866, 70.866, 43.308, 43.308, 0],
		[82, "SW3_1", 10.732, 338.6, "B", "DIP", "GND", "GND", "C", 70.866, 70.866, 43.308, 43.308, 0],
		[83, "SW3_2", 266.732, 338.6, "T", "DIP", "NET_5", "", "C", 70.866, 70.866, 43.308, 43.308, 0],
		[84, "SW3_2", 266.732, 338.6, "B", "DIP", "NET_5", "", "C", 70.866, 70.866, 43.308, 43.308, 0],
		[85, "SW3_3", 10.732, 161.4, "T", "DIP", "NET_6", "", "C", 70.866, 70.866, 43.308, 43.308, 0],
		[86, "SW3_3", 10.732, 161.4, "B", "DIP", "NET_6", "", "C", 70.866, 70.866, 43.308, 43.308, 0],
		[87, "SW3_4", 266.732, 161.4, "T", "DIP", "D10", "", "C", 70.866, 70.866, 43.308, 43.308, 0],
		[88, "SW3_4", 266.732, 161.4, "B", "DIP", "D10", "", "C", 70.866, 70.866, 43.308, 43.308, 0],
		[89, "U3_1", 1572.126, 345, "T", "SMD", "D0", "", "R", 95.748, 60, 0, 0, 180],
		[90, "U3_2", 1572.126, 245, "T", "SMD", "D1", "", "R", 95.748, 60, 0, 0, 180],
		[91, "U3_3", 1572.126, 145, "T", "SMD", "D2", "", "R", 95.748, 60, 0, 0, 180],
		[92, "U3_4", 1572.126, 45, "T", "SMD", "D3", "", "R", 95.748, 60, 0, 0, 180],
		[93, "U3_5", 1572.126, -55, "T", "SMD", "D4", "", "R", 95.748, 60, 0, 0, 180],
		[94, "U3_6", 1572.126, -155, "T", "SMD", "D5", "", "R", 95.748, 60, 0, 0, 180],
		[95, "U3_7", 1572.126, -255, "T", "SMD", "D6", "", "R", 95.748, 60, 0, 0, 180],
		[96, "U3_8", 2237.874, -255, "T", "SMD", "D7", "", "R", 95.748, 60, 0, 0, 0],
		[97, "U3_9", 2237.874, -155, "T", "SMD", "D8", "", "R", 95.748, 60, 0, 0, 0],
		[98, "U3_10", 2237.874, -55, "T", "SMD", "D9", "", "R", 95.748, 60, 0, 0, 0],
		[99, "U3_11", 2237.874, 45, "T", "SMD", "D10", "", "R", 95.748, 60, 0, 0, 0],
		[100, "U3_12", 2237.874, 145, "T", "SMD", "NET_7", "", "R", 95.748, 60, 0, 0, 0],
		[101, "U3_13", 2237.874, 245, "T", "SMD", "GND", "GND", "R", 95.748, 60, 0, 0, 0],
		[102, "U3_14", 2237.874, 345, "T", "SMD", "NET_8", "", "R", 95.748, 60, 0, 0, 0],
		[103, "PAD1_1", 1329.9999, -170, "T", "DIP", "D0", "", "C", 62.992, 62.992, 39.37, 39.37, 180],
		[104, "PAD1_1", 1329.9999, -170, "B", "DIP", "D0", "", "C", 62.992, 62.992, 39.37, 39.37, 180],
		[105, "PAD2_2", 1229.9999, -170, "T", "DIP", "$1N1005", "", "C", 62.992, 62.992, 39.37, 39.37, 180],
		[106, "PAD2_2", 1229.9999, -170, "B", "DIP", "$1N1005", "", "C", 62.992, 62.992, 39.37, 39.37, 180],
		[107, "PAD3_1", 1044.9999, -170, "T", "DIP", "D1", "", "C", 62.992, 62.992, 39.37, 39.37, 180],
		[108, "PAD3_1", 1044.9999, -170, "B", "DIP", "D1", "", "C", 62.992, 62.992, 39.37, 39.37, 180],
		[109, "PAD4_2", 944.9999, -170, "T", "DIP", "$1N1044", "", "C", 62.992, 62.992, 39.37, 39.37, 180],
		[110, "PAD4_2", 944.9999, -170, "B", "DIP", "$1N1044", "", "C", 62.992, 62.992, 39.37, 39.37, 180],
		[111, "PAD5_1", 759.9999, -170, "T", "DIP", "D2", "", "C", 62.992, 62.992, 39.37, 39.37, 180],
		[112, "PAD5_1", 759.9999, -170, "B", "DIP", "D2", "", "C", 62.992, 62.992, 39.37, 39.37, 180],
		[113, "PAD6_2", 659.9999, -170, "T", "DIP", "$1N1083", "", "C", 62.992, 62.992, 39.37, 39.37, 180],
		[114, "PAD6_2", 659.9999, -170, "B", "DIP", "$1N1083", "", "C", 62.992, 62.992, 39.37, 39.37, 180],
		[115, "PAD7_1", 475, -170, "T", "DIP", "D3", "", "C", 62.992, 62.992, 39.37, 39.37, 180],
		[116, "PAD7_1", 475, -170, "B", "DIP", "D3", "", "C", 62.992, 62.992, 39.37, 39.37, 180],
		[117, "PAD8_2", 375, -170, "T", "DIP", "$1N1122", "", "C", 62.992, 62.992, 39.37, 39.37, 180],
		[118, "PAD8_2", 375, -170, "B", "DIP", "$1N1122", "", "C", 62.992, 62.992, 39.37, 39.37, 180],
		[119, "PAD9_1", 190, -170, "T", "DIP", "D4", "", "C", 62.992, 62.992, 39.37, 39.37, 180],
		[120, "PAD9_1", 190, -170, "B", "DIP", "D4", "", "C", 62.992, 62.992, 39.37, 39.37, 180],
		[121, "PAD10_2", 90, -170, "T", "DIP", "$1N2144", "", "C", 62.992, 62.992, 39.37, 39.37, 180],
		[122, "PAD10_2", 90, -170, "B", "DIP", "$1N2144", "", "C", 62.992, 62.992, 39.37, 39.37, 180],
		[123, "PAD11_1", -95, -170, "T", "DIP", "D5", "", "C", 62.992, 62.992, 39.37, 39.37, 180],
		[124, "PAD11_1", -95, -170, "B", "DIP", "D5", "", "C", 62.992, 62.992, 39.37, 39.37, 180],
		[125, "PAD12_2", -195, -170, "T", "DIP", "$1N2146", "", "C", 62.992, 62.992, 39.37, 39.37, 180],
		[126, "PAD12_2", -195, -170, "B", "DIP", "$1N2146", "", "C", 62.992, 62.992, 39.37, 39.37, 180],
		[127, "PAD13_1", -380, -170, "T", "DIP", "D6", "", "C", 62.992, 62.992, 39.37, 39.37, 180],
		[128, "PAD13_1", -380, -170, "B", "DIP", "D6", "", "C", 62.992, 62.992, 39.37, 39.37, 180],
		[129, "PAD14_2", -480, -170, "T", "DIP", "$1N2140", "", "C", 62.992, 62.992, 39.37, 39.37, 180],
		[130, "PAD14_2", -480, -170, "B", "DIP", "$1N2140", "", "C", 62.992, 62.992, 39.37, 39.37, 180],
		[131, "PAD15_1", -665, -170, "T", "DIP", "D7", "", "C", 62.992, 62.992, 39.37, 39.37, 180],
		[132, "PAD15_1", -665, -170, "B", "DIP", "D7", "", "C", 62.992, 62.992, 39.37, 39.37, 180],
		[133, "PAD16_2", -765, -170, "T", "DIP", "$1N2132", "", "C", 62.992, 62.992, 39.37, 39.37, 180],
		[134, "PAD16_2", -765, -170, "B", "DIP", "$1N2132", "", "C", 62.992, 62.992, 39.37, 39.37, 180],
		[135, "PAD17_1", 1366.416, 47.24, "T", "DIP", "$1N1005", "", "C", 60, 60, 39.37, 39.37, 90],
		[136, "PAD17_1", 1366.416, 47.24, "B", "DIP", "$1N1005", "", "C", 60, 60, 39.37, 39.37, 90],
		[137, "PAD18_2", 1366.416, 452.76, "T", "DIP", "GND", "GND", "C", 60, 60, 39.37, 39.37, 90],
		[138, "PAD18_2", 1366.416, 452.76, "B", "DIP", "GND", "GND", "C", 60, 60, 39.37, 39.37, 90],
		[139, "PAD19_1", 1231.928, 47.24, "T", "DIP", "$1N1044", "", "C", 60, 60, 39.37, 39.37, 90],
		[140, "PAD19_1", 1231.928, 47.24, "B", "DIP", "$1N1044", "", "C", 60, 60, 39.37, 39.37, 90],
		[141, "PAD20_2", 1231.928, 452.76, "T", "DIP", "GND", "GND", "C", 60, 60, 39.37, 39.37, 90],
		[142, "PAD20_2", 1231.928, 452.76, "B", "DIP", "GND", "GND", "C", 60, 60, 39.37, 39.37, 90],
		[143, "PAD21_1", 1097.44, 47.24, "T", "DIP", "$1N1083", "", "C", 60, 60, 39.37, 39.37, 90],
		[144, "PAD21_1", 1097.44, 47.24, "B", "DIP", "$1N1083", "", "C", 60, 60, 39.37, 39.37, 90],
		[145, "PAD22_2", 1097.44, 452.76, "T", "DIP", "GND", "GND", "C", 60, 60, 39.37, 39.37, 90],
		[146, "PAD22_2", 1097.44, 452.76, "B", "DIP", "GND", "GND", "C", 60, 60, 39.37, 39.37, 90],
		[147, "PAD23_1", 962.952, 47.24, "T", "DIP", "$1N1122", "", "C", 60, 60, 39.37, 39.37, 90],
		[148, "PAD23_1", 962.952, 47.24, "B", "DIP", "$1N1122", "", "C", 60, 60, 39.37, 39.37, 90],
		[149, "PAD24_2", 962.952, 452.76, "T", "DIP", "GND", "GND", "C", 60, 60, 39.37, 39.37, 90],
		[150, "PAD24_2", 962.952, 452.76, "B", "DIP", "GND", "GND", "C", 60, 60, 39.37, 39.37, 90],
		[151, "PAD25_1", 828.464, 47.24, "T", "DIP", "$1N2144", "", "C", 60, 60, 39.37, 39.37, 90],
		[152, "PAD25_1", 828.464, 47.24, "B", "DIP", "$1N2144", "", "C", 60, 60, 39.37, 39.37, 90],
		[153, "PAD26_2", 828.464, 452.76, "T", "DIP", "GND", "GND", "C", 60, 60, 39.37, 39.37, 90],
		[154, "PAD26_2", 828.464, 452.76, "B", "DIP", "GND", "GND", "C", 60, 60, 39.37, 39.37, 90],
		[155, "PAD27_1", 693.976, 47.24, "T", "DIP", "$1N2146", "", "C", 60, 60, 39.37, 39.37, 90],
		[156, "PAD27_1", 693.976, 47.24, "B", "DIP", "$1N2146", "", "C", 60, 60, 39.37, 39.37, 90],
		[157, "PAD28_2", 693.976, 452.76, "T", "DIP", "GND", "GND", "C", 60, 60, 39.37, 39.37, 90],
		[158, "PAD28_2", 693.976, 452.76, "B", "DIP", "GND", "GND", "C", 60, 60, 39.37, 39.37, 90],
		[159, "PAD29_1", 559.488, 47.24, "T", "DIP", "$1N2140", "", "C", 60, 60, 39.37, 39.37, 90],
		[160, "PAD29_1", 559.488, 47.24, "B", "DIP", "$1N2140", "", "C", 60, 60, 39.37, 39.37, 90],
		[161, "PAD30_2", 559.488, 452.76, "T", "DIP", "GND", "GND", "C", 60, 60, 39.37, 39.37, 90],
		[162, "PAD30_2", 559.488, 452.76, "B", "DIP", "GND", "GND", "C", 60, 60, 39.37, 39.37, 90],
		[163, "PAD31_1", 425, 47.24, "T", "DIP", "$1N2132", "", "C", 60, 60, 39.37, 39.37, 90],
		[164, "PAD31_1", 425, 47.24, "B", "DIP", "$1N2132", "", "C", 60, 60, 39.37, 39.37, 90],
		[165, "PAD32_2", 425, 452.76, "T", "DIP", "GND", "GND", "C", 60, 60, 39.37, 39.37, 90],
		[166, "PAD32_2", 425, 452.76, "B", "DIP", "GND", "GND", "C", 60, 60, 39.37, 39.37, 90],
		[167, "PAD33_1", -743, 338.6, "T", "DIP", "GND", "GND", "C", 70.866, 70.866, 43.308, 43.308, 0],
		[168, "PAD33_1", -743, 338.6, "B", "DIP", "GND", "GND", "C", 70.866, 70.866, 43.308, 43.308, 0],
		[169, "PAD34_4", -487, 161.4, "T", "DIP", "D8", "", "C", 70.866, 70.866, 43.308, 43.308, 0],
		[170, "PAD34_4", -487, 161.4, "B", "DIP", "D8", "", "C", 70.866, 70.866, 43.308, 43.308, 0],
		[171, "PAD35_1", -366.134, 338.6, "T", "DIP", "GND", "GND", "C", 70.866, 70.866, 43.308, 43.308, 0],
		[172, "PAD35_1", -366.134, 338.6, "B", "DIP", "GND", "GND", "C", 70.866, 70.866, 43.308, 43.308, 0],
		[173, "PAD36_4", -110.134, 161.4, "T", "DIP", "D9", "", "C", 70.866, 70.866, 43.308, 43.308, 0],
		[174, "PAD36_4", -110.134, 161.4, "B", "DIP", "D9", "", "C", 70.866, 70.866, 43.308, 43.308, 0],
		[175, "PAD37_1", 10.732, 338.6, "T", "DIP", "GND", "GND", "C", 70.866, 70.866, 43.308, 43.308, 0],
		[176, "PAD37_1", 10.732, 338.6, "B", "DIP", "GND", "GND", "C", 70.866, 70.866, 43.308, 43.308, 0],
		[177, "PAD38_4", 266.732, 161.4, "T", "DIP", "D10", "", "C", 70.866, 70.866, 43.308, 43.308, 0],
		[178, "PAD38_4", 266.732, 161.4, "B", "DIP", "D10", "", "C", 70.866, 70.866, 43.308, 43.308, 0],
		[179, "PAD39_1", 1572.126, 345, "T", "SMD", "D0", "", "R", 95.748, 60, 0, 0, 180],
		[180, "PAD40_2", 1572.126, 245, "T", "SMD", "D1", "", "R", 95.748, 60, 0, 0, 180],
		[181, "PAD41_3", 1572.126, 145, "T", "SMD", "D2", "", "R", 95.748, 60, 0, 0, 180],
		[182, "PAD42_4", 1572.126, 45, "T", "SMD", "D3", "", "R", 95.748, 60, 0, 0, 180],
		[183, "PAD43_5", 1572.126, -55, "T", "SMD", "D4", "", "R", 95.748, 60, 0, 0, 180],
		[184, "PAD44_6", 1572.126, -155, "T", "SMD", "D5", "", "R", 95.748, 60, 0, 0, 180],
		[185, "PAD45_7", 1572.126, -255, "T", "SMD", "D6", "", "R", 95.748, 60, 0, 0, 180],
		[186, "PAD46_8", 2237.874, -255, "T", "SMD", "D7", "", "R", 95.748, 60, 0, 0, 0],
		[187, "PAD47_9", 2237.874, -155, "T", "SMD", "D8", "", "R", 95.748, 60, 0, 0, 0],
		[188, "PAD48_10", 2237.874, -55, "T", "SMD", "D9", "", "R", 95.748, 60, 0, 0, 0],
		[189, "PAD49_11", 2237.874, 45, "T", "SMD", "D10", "", "R", 95.748, 60, 0, 0, 0],
		[190, "PAD50_13", 2237.874, 245, "T", "SMD", "GND", "GND", "R", 95.748, 60, 0, 0, 0]
	]
}
}